<?xml version="1.0" encoding="UTF-8"?>
<!DOCTYPE suite SYSTEM "https://testng.org/testng-1.0.dtd">
<suite name="Capstone">
  <test name="Test">
    <classes>
      <class name="com.automationexercise.tests.TestCase1"/>
      <class name="com.automationexercise.tests.TestCase2"/>
      <class name="com.automationexercise.tests.TestCase3"/>
      <class name="com.automationexercise.tests.TestCase4"/>
      <class name="com.automationexercise.tests.TestCase5"/>
      <class name="com.automationexercise.tests.TestCase6"/>
      <class name="com.automationexercise.tests.TestCase7"/>
      <class name="com.automationexercise.tests.TestCase8"/>
      <class name="com.automationexercise.tests.TestCase9"/>
      <class name="com.automationexercise.tests.TestCase10"/>
      <class name="com.automationexercise.tests.TestCase11"/>
      <class name="com.automationexercise.tests.TestCase12"/>
      <class name="com.automationexercise.tests.TestCase13"/>
    </classes>
  </test> <!-- Test -->
</suite> <!-- Suite -->
